id,name,internal,catchment_id,created,last_modified,version
1,Aber,FALSE,1,2018-11-07 10:00:00,2018-11-07 10:00:00,2018-11-07 10:00:00
2,Adur,FALSE,2,2018-11-07 10:00:00,2018-11-07 10:00:00,2018-11-07 10:00:00
3,Aeron,FALSE,3,2018-11-07 10:00:00,2018-11-07 10:00:00,2018-11-07 10:00:00
4,Afan,FALSE,4,2018-11-07 10:00:00,2018-11-07 10:00:00,2018-11-07 10:00:00
5,Aled,FALSE,25,2018-11-07 10:00:00,2018-11-07 10:00:00,2018-11-07 10:00:00
6,Allen (SW),FALSE,20,2018-11-07 10:00:00,2018-11-07 10:00:00,2018-11-07 10:00:00
7,Allen (Tyne),FALSE,130,2018-11-07 10:00:00,2018-11-07 10:00:00,2018-11-07 10:00:00
8,Aln,FALSE,5,2018-11-07 10:00:00,2018-11-07 10:00:00,2018-11-07 10:00:00
9,Alwen,FALSE,31,2018-11-07 10:00:00,2018-11-07 10:00:00,2018-11-07 10:00:00
10,Alyn / Alun,FALSE,31,2018-11-07 10:00:00,2018-11-07 10:00:00,2018-11-07 10:00:00
11,Amman,FALSE,76,2018-11-07 10:00:00,2018-11-07 10:00:00,2018-11-07 10:00:00
12,Annas,FALSE,6,2018-11-07 10:00:00,2018-11-07 10:00:00,2018-11-07 10:00:00
13,Arth,FALSE,7,2018-11-07 10:00:00,2018-11-07 10:00:00,2018-11-07 10:00:00
14,Artro,FALSE,8,2018-11-07 10:00:00,2018-11-07 10:00:00,2018-11-07 10:00:00
15,Arun,FALSE,9,2018-11-07 10:00:00,2018-11-07 10:00:00,2018-11-07 10:00:00
16,Avon (Devon),FALSE,10,2018-11-07 10:00:00,2018-11-07 10:00:00,2018-11-07 10:00:00
17,Avon (Hants),FALSE,11,2018-11-07 10:00:00,2018-11-07 10:00:00,2018-11-07 10:00:00
18,Avon (Water Hants),FALSE,12,2018-11-07 10:00:00,2018-11-07 10:00:00,2018-11-07 10:00:00
19,Axe,FALSE,13,2018-11-07 10:00:00,2018-11-07 10:00:00,2018-11-07 10:00:00
20,Banwy,FALSE,108,2018-11-07 10:00:00,2018-11-07 10:00:00,2018-11-07 10:00:00
21,Barle,FALSE,51,2018-11-07 10:00:00,2018-11-07 10:00:00,2018-11-07 10:00:00
22,Beaulieu,FALSE,14,2018-11-07 10:00:00,2018-11-07 10:00:00,2018-11-07 10:00:00
23,Bela,FALSE,15,2018-11-07 10:00:00,2018-11-07 10:00:00,2018-11-07 10:00:00
24,Black Beck,FALSE,16,2018-11-07 10:00:00,2018-11-07 10:00:00,2018-11-07 10:00:00
25,Blyth (NE),FALSE,17,2018-11-07 10:00:00,2018-11-07 10:00:00,2018-11-07 10:00:00
26,Bollin,FALSE,84,2018-11-07 10:00:00,2018-11-07 10:00:00,2018-11-07 10:00:00
27,Borrow Beck,FALSE,78,2018-11-07 10:00:00,2018-11-07 10:00:00,2018-11-07 10:00:00
28,Bovey,FALSE,122,2018-11-07 10:00:00,2018-11-07 10:00:00,2018-11-07 10:00:00
29,Brathay,FALSE,70,2018-11-07 10:00:00,2018-11-07 10:00:00,2018-11-07 10:00:00
30,Bray,FALSE,118,2018-11-07 10:00:00,2018-11-07 10:00:00,2018-11-07 10:00:00
31,Brit,FALSE,18,2018-11-07 10:00:00,2018-11-07 10:00:00,2018-11-07 10:00:00
32,Brock,FALSE,148,2018-11-07 10:00:00,2018-11-07 10:00:00,2018-11-07 10:00:00
33,Browney,FALSE,144,2018-11-07 10:00:00,2018-11-07 10:00:00,2018-11-07 10:00:00
34,Bure,FALSE,150,2018-11-07 10:00:00,2018-11-07 10:00:00,2018-11-07 10:00:00
35,Calder (Cumbria),FALSE,19,2018-11-07 10:00:00,2018-11-07 10:00:00,2018-11-07 10:00:00
36,Calder (Lancashire),FALSE,102,2018-11-07 10:00:00,2018-11-07 10:00:00,2018-11-07 10:00:00
37,Calder (Yorkshire),FALSE,94,2018-11-07 10:00:00,2018-11-07 10:00:00,2018-11-07 10:00:00
38,Caldew,FALSE,42,2018-11-07 10:00:00,2018-11-07 10:00:00,2018-11-07 10:00:00
39,Camel,FALSE,20,2018-11-07 10:00:00,2018-11-07 10:00:00,2018-11-07 10:00:00
40,Caseg,FALSE,90,2018-11-07 10:00:00,2018-11-07 10:00:00,2018-11-07 10:00:00
41,Cefni,FALSE,21,2018-11-07 10:00:00,2018-11-07 10:00:00,2018-11-07 10:00:00
42,Cegin Menai Strait,FALSE,22,2018-11-07 10:00:00,2018-11-07 10:00:00,2018-11-07 10:00:00
43,Ceiriog,FALSE,31,2018-11-07 10:00:00,2018-11-07 10:00:00,2018-11-07 10:00:00
44,Ceirw,FALSE,31,2018-11-07 10:00:00,2018-11-07 10:00:00,2018-11-07 10:00:00
45,Cennen,FALSE,131,2018-11-07 10:00:00,2018-11-07 10:00:00,2018-11-07 10:00:00
46,Ceri,FALSE,121,2018-11-07 10:00:00,2018-11-07 10:00:00,2018-11-07 10:00:00
47,Char,FALSE,23,2018-11-07 10:00:00,2018-11-07 10:00:00,2018-11-07 10:00:00
48,Cleddau (Eastern),FALSE,24,2018-11-07 10:00:00,2018-11-07 10:00:00,2018-11-07 10:00:00
49,Cleddau (Western),FALSE,24,2018-11-07 10:00:00,2018-11-07 10:00:00,2018-11-07 10:00:00
50,Cleifon,FALSE,39,2018-11-07 10:00:00,2018-11-07 10:00:00,2018-11-07 10:00:00
51,Clettwr,FALSE,39,2018-11-07 10:00:00,2018-11-07 10:00:00,2018-11-07 10:00:00
52,Clwyd,FALSE,25,2018-11-07 10:00:00,2018-11-07 10:00:00,2018-11-07 10:00:00
53,Clywedog,FALSE,31,2018-11-07 10:00:00,2018-11-07 10:00:00,2018-11-07 10:00:00
54,Cocker,FALSE,32,2018-11-07 10:00:00,2018-11-07 10:00:00,2018-11-07 10:00:00
55,Colwyn,FALSE,56,2018-11-07 10:00:00,2018-11-07 10:00:00,2018-11-07 10:00:00
56,Coly,FALSE,13,2018-11-07 10:00:00,2018-11-07 10:00:00,2018-11-07 10:00:00
57,Conder,FALSE,78,2018-11-07 10:00:00,2018-11-07 10:00:00,2018-11-07 10:00:00
58,Conwy,FALSE,26,2018-11-07 10:00:00,2018-11-07 10:00:00,2018-11-07 10:00:00
59,Coquet,FALSE,27,2018-11-07 10:00:00,2018-11-07 10:00:00,2018-11-07 10:00:00
60,Coron Lake Anglesea,FALSE,28,2018-11-07 10:00:00,2018-11-07 10:00:00,2018-11-07 10:00:00
61,Cothi,FALSE,131,2018-11-07 10:00:00,2018-11-07 10:00:00,2018-11-07 10:00:00
62,Cover,FALSE,94,2018-11-07 10:00:00,2018-11-07 10:00:00,2018-11-07 10:00:00
63,Crake,FALSE,29,2018-11-07 10:00:00,2018-11-07 10:00:00,2018-11-07 10:00:00
64,Cresswell,FALSE,24,2018-11-07 10:00:00,2018-11-07 10:00:00,2018-11-07 10:00:00
65,Cych,FALSE,121,2018-11-07 10:00:00,2018-11-07 10:00:00,2018-11-07 10:00:00
66,Cynin,FALSE,114,2018-11-07 10:00:00,2018-11-07 10:00:00,2018-11-07 10:00:00
67,Cywyn / Cowin,FALSE,114,2018-11-07 10:00:00,2018-11-07 10:00:00,2018-11-07 10:00:00
68,Darent,FALSE,124,2018-11-07 10:00:00,2018-11-07 10:00:00,2018-11-07 10:00:00
69,Dart,FALSE,30,2018-11-07 10:00:00,2018-11-07 10:00:00,2018-11-07 10:00:00
70,Dee,FALSE,31,2018-11-07 10:00:00,2018-11-07 10:00:00,2018-11-07 10:00:00
71,Derwent (Cumbria),FALSE,32,2018-11-07 10:00:00,2018-11-07 10:00:00,2018-11-07 10:00:00
72,Derwent (Tyne),FALSE,130,2018-11-07 10:00:00,2018-11-07 10:00:00,2018-11-07 10:00:00
73,Derwent (Yorkshire),FALSE,94,2018-11-07 10:00:00,2018-11-07 10:00:00,2018-11-07 10:00:00
74,Dewi Fawr,FALSE,114,2018-11-07 10:00:00,2018-11-07 10:00:00,2018-11-07 10:00:00
75,Don,FALSE,33,2018-11-07 10:00:00,2018-11-07 10:00:00,2018-11-07 10:00:00
76,Duad,FALSE,131,2018-11-07 10:00:00,2018-11-07 10:00:00,2018-11-07 10:00:00
77,Duddon,FALSE,34,2018-11-07 10:00:00,2018-11-07 10:00:00,2018-11-07 10:00:00
78,Dulas (Colwyn Bay),FALSE,35,2018-11-07 10:00:00,2018-11-07 10:00:00,2018-11-07 10:00:00
79,Dulas (North),FALSE,39,2018-11-07 10:00:00,2018-11-07 10:00:00,2018-11-07 10:00:00
80,Dulas (South),FALSE,39,2018-11-07 10:00:00,2018-11-07 10:00:00,2018-11-07 10:00:00
81,Dwyfach,FALSE,36,2018-11-07 10:00:00,2018-11-07 10:00:00,2018-11-07 10:00:00
82,Dwyfawr,FALSE,37,2018-11-07 10:00:00,2018-11-07 10:00:00,2018-11-07 10:00:00
83,Dwyryd,FALSE,38,2018-11-07 10:00:00,2018-11-07 10:00:00,2018-11-07 10:00:00
84,Dyfi / Dovey,FALSE,39,2018-11-07 10:00:00,2018-11-07 10:00:00,2018-11-07 10:00:00
85,Dysynni,FALSE,40,2018-11-07 10:00:00,2018-11-07 10:00:00,2018-11-07 10:00:00
86,Eamont,FALSE,42,2018-11-07 10:00:00,2018-11-07 10:00:00,2018-11-07 10:00:00
87,Ebbw,FALSE,41,2018-11-07 10:00:00,2018-11-07 10:00:00,2018-11-07 10:00:00
88,Eden (Cumbria),FALSE,42,2018-11-07 10:00:00,2018-11-07 10:00:00,2018-11-07 10:00:00
89,Eden (Wales),FALSE,82,2018-11-07 10:00:00,2018-11-07 10:00:00,2018-11-07 10:00:00
90,Ehen,FALSE,43,2018-11-07 10:00:00,2018-11-07 10:00:00,2018-11-07 10:00:00
91,Ellen,FALSE,44,2018-11-07 10:00:00,2018-11-07 10:00:00,2018-11-07 10:00:00
92,Elwy,FALSE,25,2018-11-07 10:00:00,2018-11-07 10:00:00,2018-11-07 10:00:00
93,Ely,FALSE,45,2018-11-07 10:00:00,2018-11-07 10:00:00,2018-11-07 10:00:00
94,Erch,FALSE,46,2018-11-07 10:00:00,2018-11-07 10:00:00,2018-11-07 10:00:00
95,Erme,FALSE,47,2018-11-07 10:00:00,2018-11-07 10:00:00,2018-11-07 10:00:00
96,Esk (Border),FALSE,48,2018-11-07 10:00:00,2018-11-07 10:00:00,2018-11-07 10:00:00
97,Esk (Cumbria),FALSE,49,2018-11-07 10:00:00,2018-11-07 10:00:00,2018-11-07 10:00:00
98,Esk (Yorkshire),FALSE,50,2018-11-07 10:00:00,2018-11-07 10:00:00,2018-11-07 10:00:00
99,Etherow,FALSE,84,2018-11-07 10:00:00,2018-11-07 10:00:00,2018-11-07 10:00:00
100,Ewenny,FALSE,89,2018-11-07 10:00:00,2018-11-07 10:00:00,2018-11-07 10:00:00
101,Exe,FALSE,51,2018-11-07 10:00:00,2018-11-07 10:00:00,2018-11-07 10:00:00
102,Fal,FALSE,52,2018-11-07 10:00:00,2018-11-07 10:00:00,2018-11-07 10:00:00
103,Fowey,FALSE,53,2018-11-07 10:00:00,2018-11-07 10:00:00,2018-11-07 10:00:00
104,Frome,FALSE,54,2018-11-07 10:00:00,2018-11-07 10:00:00,2018-11-07 10:00:00
105,Gannel,FALSE,55,2018-11-07 10:00:00,2018-11-07 10:00:00,2018-11-07 10:00:00
106,Garw,FALSE,89,2018-11-07 10:00:00,2018-11-07 10:00:00,2018-11-07 10:00:00
107,Gelt,FALSE,42,2018-11-07 10:00:00,2018-11-07 10:00:00,2018-11-07 10:00:00
108,Glaslyn,FALSE,56,2018-11-07 10:00:00,2018-11-07 10:00:00,2018-11-07 10:00:00
109,Grannell,FALSE,121,2018-11-07 10:00:00,2018-11-07 10:00:00,2018-11-07 10:00:00
110,Greta (Keswick),FALSE,32,2018-11-07 10:00:00,2018-11-07 10:00:00,2018-11-07 10:00:00
111,Greta (Lancaster),FALSE,78,2018-11-07 10:00:00,2018-11-07 10:00:00,2018-11-07 10:00:00
112,Greta (Tees Bcastle),FALSE,120,2018-11-07 10:00:00,2018-11-07 10:00:00,2018-11-07 10:00:00
113,Gwaun,FALSE,57,2018-11-07 10:00:00,2018-11-07 10:00:00,2018-11-07 10:00:00
114,Gwendraeth (Fach),FALSE,59,2018-11-07 10:00:00,2018-11-07 10:00:00,2018-11-07 10:00:00
115,Gwendraeth (Fawr),FALSE,58,2018-11-07 10:00:00,2018-11-07 10:00:00,2018-11-07 10:00:00
116,Gwili,FALSE,131,2018-11-07 10:00:00,2018-11-07 10:00:00,2018-11-07 10:00:00
117,Gwyrfai,FALSE,60,2018-11-07 10:00:00,2018-11-07 10:00:00,2018-11-07 10:00:00
118,Hamble,FALSE,61,2018-11-07 10:00:00,2018-11-07 10:00:00,2018-11-07 10:00:00
119,Hayle,FALSE,62,2018-11-07 10:00:00,2018-11-07 10:00:00,2018-11-07 10:00:00
120,Hindburn,FALSE,78,2018-11-07 10:00:00,2018-11-07 10:00:00,2018-11-07 10:00:00
121,Hodder,FALSE,102,2018-11-07 10:00:00,2018-11-07 10:00:00,2018-11-07 10:00:00
122,Hull,FALSE,63,2018-11-07 10:00:00,2018-11-07 10:00:00,2018-11-07 10:00:00
123,Inny,FALSE,116,2018-11-07 10:00:00,2018-11-07 10:00:00,2018-11-07 10:00:00
124,Irfon,FALSE,146,2018-11-07 10:00:00,2018-11-07 10:00:00,2018-11-07 10:00:00
125,Irt,FALSE,64,2018-11-07 10:00:00,2018-11-07 10:00:00,2018-11-07 10:00:00
126,Irthing,FALSE,42,2018-11-07 10:00:00,2018-11-07 10:00:00,2018-11-07 10:00:00
127,Itchen,FALSE,65,2018-11-07 10:00:00,2018-11-07 10:00:00,2018-11-07 10:00:00
128,Ithon,FALSE,146,2018-11-07 10:00:00,2018-11-07 10:00:00,2018-11-07 10:00:00
129,Keer,FALSE,66,2018-11-07 10:00:00,2018-11-07 10:00:00,2018-11-07 10:00:00
130,Kenfig,FALSE,67,2018-11-07 10:00:00,2018-11-07 10:00:00,2018-11-07 10:00:00
131,Kent,FALSE,68,2018-11-07 10:00:00,2018-11-07 10:00:00,2018-11-07 10:00:00
132,Leri,FALSE,69,2018-11-07 10:00:00,2018-11-07 10:00:00,2018-11-07 10:00:00
133,Leven,FALSE,70,2018-11-07 10:00:00,2018-11-07 10:00:00,2018-11-07 10:00:00
134,Lickle,FALSE,34,2018-11-07 10:00:00,2018-11-07 10:00:00,2018-11-07 10:00:00
135,Liddle,FALSE,48,2018-11-07 10:00:00,2018-11-07 10:00:00,2018-11-07 10:00:00
136,Lledr,FALSE,26,2018-11-07 10:00:00,2018-11-07 10:00:00,2018-11-07 10:00:00
137,Lleiniog,FALSE,71,2018-11-07 10:00:00,2018-11-07 10:00:00,2018-11-07 10:00:00
138,Llifon,FALSE,72,2018-11-07 10:00:00,2018-11-07 10:00:00,2018-11-07 10:00:00
139,Lliw Swansea,FALSE,73,2018-11-07 10:00:00,2018-11-07 10:00:00,2018-11-07 10:00:00
140,Llugwy,FALSE,26,2018-11-07 10:00:00,2018-11-07 10:00:00,2018-11-07 10:00:00
141,Llyfni,FALSE,74,2018-11-07 10:00:00,2018-11-07 10:00:00,2018-11-07 10:00:00
142,Llynfi,FALSE,89,2018-11-07 10:00:00,2018-11-07 10:00:00,2018-11-07 10:00:00
143,Looe,FALSE,75,2018-11-07 10:00:00,2018-11-07 10:00:00,2018-11-07 10:00:00
144,Loughor,FALSE,76,2018-11-07 10:00:00,2018-11-07 10:00:00,2018-11-07 10:00:00
145,Lud,FALSE,77,2018-11-07 10:00:00,2018-11-07 10:00:00,2018-11-07 10:00:00
146,Lugg,FALSE,146,2018-11-07 10:00:00,2018-11-07 10:00:00,2018-11-07 10:00:00
147,Lune,FALSE,78,2018-11-07 10:00:00,2018-11-07 10:00:00,2018-11-07 10:00:00
148,Lyd,FALSE,116,2018-11-07 10:00:00,2018-11-07 10:00:00,2018-11-07 10:00:00
149,Lymington,FALSE,79,2018-11-07 10:00:00,2018-11-07 10:00:00,2018-11-07 10:00:00
150,Lyn,FALSE,80,2018-11-07 10:00:00,2018-11-07 10:00:00,2018-11-07 10:00:00
151,Lyne,FALSE,48,2018-11-07 10:00:00,2018-11-07 10:00:00,2018-11-07 10:00:00
152,Lynher,FALSE,81,2018-11-07 10:00:00,2018-11-07 10:00:00,2018-11-07 10:00:00
153,Marron,FALSE,32,2018-11-07 10:00:00,2018-11-07 10:00:00,2018-11-07 10:00:00
154,Mawddach,FALSE,82,2018-11-07 10:00:00,2018-11-07 10:00:00,2018-11-07 10:00:00
155,Meavy,FALSE,98,2018-11-07 10:00:00,2018-11-07 10:00:00,2018-11-07 10:00:00
156,Medway,FALSE,124,2018-11-07 10:00:00,2018-11-07 10:00:00,2018-11-07 10:00:00
157,Meon,FALSE,83,2018-11-07 10:00:00,2018-11-07 10:00:00,2018-11-07 10:00:00
158,Mersey,FALSE,84,2018-11-07 10:00:00,2018-11-07 10:00:00,2018-11-07 10:00:00
159,Mint,FALSE,68,2018-11-07 10:00:00,2018-11-07 10:00:00,2018-11-07 10:00:00
160,Mole,FALSE,118,2018-11-07 10:00:00,2018-11-07 10:00:00,2018-11-07 10:00:00
161,Morlais,FALSE,76,2018-11-07 10:00:00,2018-11-07 10:00:00,2018-11-07 10:00:00
162,Nadder,FALSE,11,2018-11-07 10:00:00,2018-11-07 10:00:00,2018-11-07 10:00:00
163,Nar,FALSE,85,2018-11-07 10:00:00,2018-11-07 10:00:00,2018-11-07 10:00:00
164,Neath,FALSE,86,2018-11-07 10:00:00,2018-11-07 10:00:00,2018-11-07 10:00:00
165,Nene,FALSE,87,2018-11-07 10:00:00,2018-11-07 10:00:00,2018-11-07 10:00:00
166,Nevern,FALSE,88,2018-11-07 10:00:00,2018-11-07 10:00:00,2018-11-07 10:00:00
167,Ogmore,FALSE,89,2018-11-07 10:00:00,2018-11-07 10:00:00,2018-11-07 10:00:00
168,Ogwen,FALSE,90,2018-11-07 10:00:00,2018-11-07 10:00:00,2018-11-07 10:00:00
169,Okement,FALSE,127,2018-11-07 10:00:00,2018-11-07 10:00:00,2018-11-07 10:00:00
170,Orwell,FALSE,91,2018-11-07 10:00:00,2018-11-07 10:00:00,2018-11-07 10:00:00
171,Otter,FALSE,92,2018-11-07 10:00:00,2018-11-07 10:00:00,2018-11-07 10:00:00
172,Ottery,FALSE,116,2018-11-07 10:00:00,2018-11-07 10:00:00,2018-11-07 10:00:00
173,Ouse (Sussex),FALSE,93,2018-11-07 10:00:00,2018-11-07 10:00:00,2018-11-07 10:00:00
174,Ouse (Yorkshire),FALSE,94,2018-11-07 10:00:00,2018-11-07 10:00:00,2018-11-07 10:00:00
175,Parkmill Stream Gower,FALSE,95,2018-11-07 10:00:00,2018-11-07 10:00:00,2018-11-07 10:00:00
176,Parrett,FALSE,96,2018-11-07 10:00:00,2018-11-07 10:00:00,2018-11-07 10:00:00
177,Piddle,FALSE,97,2018-11-07 10:00:00,2018-11-07 10:00:00,2018-11-07 10:00:00
178,Plym,FALSE,98,2018-11-07 10:00:00,2018-11-07 10:00:00,2018-11-07 10:00:00
179,Rawthay,FALSE,78,2018-11-07 10:00:00,2018-11-07 10:00:00,2018-11-07 10:00:00
180,Rede,FALSE,130,2018-11-07 10:00:00,2018-11-07 10:00:00,2018-11-07 10:00:00
181,Rheidol,FALSE,99,2018-11-07 10:00:00,2018-11-07 10:00:00,2018-11-07 10:00:00
182,Rhyd-hir,FALSE,100,2018-11-07 10:00:00,2018-11-07 10:00:00,2018-11-07 10:00:00
183,Rhymney,FALSE,101,2018-11-07 10:00:00,2018-11-07 10:00:00,2018-11-07 10:00:00
184,Ribble,FALSE,102,2018-11-07 10:00:00,2018-11-07 10:00:00,2018-11-07 10:00:00
185,Rothay,FALSE,70,2018-11-07 10:00:00,2018-11-07 10:00:00,2018-11-07 10:00:00
186,Rother (Eastern),FALSE,103,2018-11-07 10:00:00,2018-11-07 10:00:00,2018-11-07 10:00:00
187,Rother (Petworth),FALSE,104,2018-11-07 10:00:00,2018-11-07 10:00:00,2018-11-07 10:00:00
188,Rusland Pool,FALSE,70,2018-11-07 10:00:00,2018-11-07 10:00:00,2018-11-07 10:00:00
189,Sawdde,FALSE,131,2018-11-07 10:00:00,2018-11-07 10:00:00,2018-11-07 10:00:00
190,Scalby Beck,FALSE,105,2018-11-07 10:00:00,2018-11-07 10:00:00,2018-11-07 10:00:00
191,Seaton,FALSE,106,2018-11-07 10:00:00,2018-11-07 10:00:00,2018-11-07 10:00:00
192,Seiont,FALSE,107,2018-11-07 10:00:00,2018-11-07 10:00:00,2018-11-07 10:00:00
193,Severn,FALSE,108,2018-11-07 10:00:00,2018-11-07 10:00:00,2018-11-07 10:00:00
194,Soch,FALSE,109,2018-11-07 10:00:00,2018-11-07 10:00:00,2018-11-07 10:00:00
195,Solva,FALSE,110,2018-11-07 10:00:00,2018-11-07 10:00:00,2018-11-07 10:00:00
196,Sprint,FALSE,68,2018-11-07 10:00:00,2018-11-07 10:00:00,2018-11-07 10:00:00
197,St Austell,FALSE,111,2018-11-07 10:00:00,2018-11-07 10:00:00,2018-11-07 10:00:00
198,Stock Ghyll,FALSE,70,2018-11-07 10:00:00,2018-11-07 10:00:00,2018-11-07 10:00:00
199,Stour (Kent),FALSE,112,2018-11-07 10:00:00,2018-11-07 10:00:00,2018-11-07 10:00:00
200,Stour (SW),FALSE,113,2018-11-07 10:00:00,2018-11-07 10:00:00,2018-11-07 10:00:00
201,Swale,FALSE,94,2018-11-07 10:00:00,2018-11-07 10:00:00,2018-11-07 10:00:00
202,Syfynwy,FALSE,24,2018-11-07 10:00:00,2018-11-07 10:00:00,2018-11-07 10:00:00
203,Taf,FALSE,114,2018-11-07 10:00:00,2018-11-07 10:00:00,2018-11-07 10:00:00
204,Taff,FALSE,115,2018-11-07 10:00:00,2018-11-07 10:00:00,2018-11-07 10:00:00
205,Tamar,FALSE,116,2018-11-07 10:00:00,2018-11-07 10:00:00,2018-11-07 10:00:00
206,Tanat,FALSE,108,2018-11-07 10:00:00,2018-11-07 10:00:00,2018-11-07 10:00:00
207,Tavy,FALSE,117,2018-11-07 10:00:00,2018-11-07 10:00:00,2018-11-07 10:00:00
208,Taw,FALSE,118,2018-11-07 10:00:00,2018-11-07 10:00:00,2018-11-07 10:00:00
209,Tawe,FALSE,119,2018-11-07 10:00:00,2018-11-07 10:00:00,2018-11-07 10:00:00
210,Tees,FALSE,120,2018-11-07 10:00:00,2018-11-07 10:00:00,2018-11-07 10:00:00
211,Teifi,FALSE,121,2018-11-07 10:00:00,2018-11-07 10:00:00,2018-11-07 10:00:00
212,Teign,FALSE,122,2018-11-07 10:00:00,2018-11-07 10:00:00,2018-11-07 10:00:00
213,Teme,FALSE,108,2018-11-07 10:00:00,2018-11-07 10:00:00,2018-11-07 10:00:00
214,Test,FALSE,123,2018-11-07 10:00:00,2018-11-07 10:00:00,2018-11-07 10:00:00
215,Thames,FALSE,124,2018-11-07 10:00:00,2018-11-07 10:00:00,2018-11-07 10:00:00
216,Thaw,FALSE,125,2018-11-07 10:00:00,2018-11-07 10:00:00,2018-11-07 10:00:00
217,Tiddy,FALSE,126,2018-11-07 10:00:00,2018-11-07 10:00:00,2018-11-07 10:00:00
218,Tone,FALSE,96,2018-11-07 10:00:00,2018-11-07 10:00:00,2018-11-07 10:00:00
219,Torridge,FALSE,127,2018-11-07 10:00:00,2018-11-07 10:00:00,2018-11-07 10:00:00
220,Trent,FALSE,128,2018-11-07 10:00:00,2018-11-07 10:00:00,2018-11-07 10:00:00
221,Tresilian,FALSE,129,2018-11-07 10:00:00,2018-11-07 10:00:00,2018-11-07 10:00:00
222,Trout Beck,FALSE,42,2018-11-07 10:00:00,2018-11-07 10:00:00,2018-11-07 10:00:00
223,Tryweryn,FALSE,31,2018-11-07 10:00:00,2018-11-07 10:00:00,2018-11-07 10:00:00
224,Twymyn,FALSE,39,2018-11-07 10:00:00,2018-11-07 10:00:00,2018-11-07 10:00:00
225,Tyne (Main),FALSE,130,2018-11-07 10:00:00,2018-11-07 10:00:00,2018-11-07 10:00:00
226,Tyne (North),FALSE,130,2018-11-07 10:00:00,2018-11-07 10:00:00,2018-11-07 10:00:00
227,Tyne (South),FALSE,130,2018-11-07 10:00:00,2018-11-07 10:00:00,2018-11-07 10:00:00
228,Tywi / Towy,FALSE,131,2018-11-07 10:00:00,2018-11-07 10:00:00,2018-11-07 10:00:00
229,Unknown Anglian,TRUE,132,2018-11-07 10:00:00,2018-11-07 10:00:00,2018-11-07 10:00:00
230,Unknown Eng and Wales,TRUE,133,2018-11-07 10:00:00,2018-11-07 10:00:00,2018-11-07 10:00:00
231,Unknown Midland,TRUE,134,2018-11-07 10:00:00,2018-11-07 10:00:00,2018-11-07 10:00:00
232,Unknown NE,TRUE,135,2018-11-07 10:00:00,2018-11-07 10:00:00,2018-11-07 10:00:00
233,Unknown NW,TRUE,136,2018-11-07 10:00:00,2018-11-07 10:00:00,2018-11-07 10:00:00
234,Unknown Southern,TRUE,138,2018-11-07 10:00:00,2018-11-07 10:00:00,2018-11-07 10:00:00
235,Unknown SW,TRUE,137,2018-11-07 10:00:00,2018-11-07 10:00:00,2018-11-07 10:00:00
236,Unknown Thames,TRUE,139,2018-11-07 10:00:00,2018-11-07 10:00:00,2018-11-07 10:00:00
237,Unknown Wales,TRUE,140,2018-11-07 10:00:00,2018-11-07 10:00:00,2018-11-07 10:00:00
238,Ure,FALSE,94,2018-11-07 10:00:00,2018-11-07 10:00:00,2018-11-07 10:00:00
239,Usk,FALSE,141,2018-11-07 10:00:00,2018-11-07 10:00:00,2018-11-07 10:00:00
240,Vyrnwy,FALSE,108,2018-11-07 10:00:00,2018-11-07 10:00:00,2018-11-07 10:00:00
241,Walkham,FALSE,117,2018-11-07 10:00:00,2018-11-07 10:00:00,2018-11-07 10:00:00
242,Wandle,FALSE,142,2018-11-07 10:00:00,2018-11-07 10:00:00,2018-11-07 10:00:00
243,Wansbeck,FALSE,143,2018-11-07 10:00:00,2018-11-07 10:00:00,2018-11-07 10:00:00
244,Wear,FALSE,144,2018-11-07 10:00:00,2018-11-07 10:00:00,2018-11-07 10:00:00
245,Wenning,FALSE,78,2018-11-07 10:00:00,2018-11-07 10:00:00,2018-11-07 10:00:00
246,Wharfe,FALSE,94,2018-11-07 10:00:00,2018-11-07 10:00:00,2018-11-07 10:00:00
247,Witham,FALSE,145,2018-11-07 10:00:00,2018-11-07 10:00:00,2018-11-07 10:00:00
248,Wnion,FALSE,82,2018-11-07 10:00:00,2018-11-07 10:00:00,2018-11-07 10:00:00
249,Wye,FALSE,146,2018-11-07 10:00:00,2018-11-07 10:00:00,2018-11-07 10:00:00
250,Wygyr Anglesea,FALSE,147,2018-11-07 10:00:00,2018-11-07 10:00:00,2018-11-07 10:00:00
251,Wyre NW,FALSE,148,2018-11-07 10:00:00,2018-11-07 10:00:00,2018-11-07 10:00:00
252,Wyre Wales,FALSE,149,2018-11-07 10:00:00,2018-11-07 10:00:00,2018-11-07 10:00:00
253,Yare,FALSE,150,2018-11-07 10:00:00,2018-11-07 10:00:00,2018-11-07 10:00:00
254,Yarty,FALSE,13,2018-11-07 10:00:00,2018-11-07 10:00:00,2018-11-07 10:00:00
255,Yealm,FALSE,151,2018-11-07 10:00:00,2018-11-07 10:00:00,2018-11-07 10:00:00
256,Yscir,FALSE,141,2018-11-07 10:00:00,2018-11-07 10:00:00,2018-11-07 10:00:00
257,Ysgethin Barmouth,FALSE,152,2018-11-07 10:00:00,2018-11-07 10:00:00,2018-11-07 10:00:00
258,Ystrad,FALSE,25,2018-11-07 10:00:00,2018-11-07 10:00:00,2018-11-07 10:00:00
259,Ystwyth,FALSE,153,2018-11-07 10:00:00,2018-11-07 10:00:00,2018-11-07 10:00:00
